epoch,loss,body_loss,endpoint1_loss,endpoint2_loss,crossing_loss,boundary_loss,val_score,val_iou,val_dice,body_iou,endpoint1_iou,endpoint2_iou,crossing_iou,endpoint1_f1,endpoint2_f1,crossing_f1,threshold_body,threshold_endpoint1,threshold_endpoint2,threshold_crossing,lr,seconds
1,5.041240310668945,1.393145704269409,1.1037415266036987,1.1787666916847228,1.3087212443351746,0.28432598412036897,0.004267290087541933,0.004086163274134503,0.008094412758158946,0.012307528134561388,0.00106142725317324,0.0009174969806763285,0.002058200728127056,0.0,0.0,0.0008319467554076539,0.39999999999999997,0.39999999999999997,0.39999999999999997,0.39999999999999997,0.000999832089238023,39.137412786483765
2,4.089023208618164,0.9572462797164917,1.0306347370147706,1.0355103492736817,1.0241119861602783,0.2075997069478035,0.020721524221762117,0.020987378050700903,0.04019881345545069,0.021195742909552288,0.0011061297568126193,0.004486882739044887,0.05716075679739381,0.0,0.05907172995780591,0.08156028368794324,0.3,0.3,0.39999999999999997,0.35,0.000999328472029741,4.461443185806274
3,3.990265226364136,0.9176802039146423,1.0108564972877503,1.0145847082138062,1.0158003330230714,0.15671697705984117,0.4750988942142185,0.45311238481671035,0.5931251070320558,0.601882157782244,0.3498954861307271,0.6971586667252206,0.16351322862864973,0.5503355704697986,0.6027397260273972,0.32286995515695066,0.3,0.44999999999999996,0.44999999999999996,0.35,0.0009984894935292329,6.076728343963623
4,3.9331286191940307,0.8710335314273834,1.0161056041717529,1.0064814567565918,1.013662999868393,0.12922535240650176,0.6501892493943798,0.5888035814278552,0.7095761441165704,0.749868087888311,0.6738531946083164,0.7344735673034207,0.19701947591137278,0.989010989010989,0.967032967032967,0.4000000000000001,0.44999999999999996,0.6,0.7,0.65,0.000997315728730454,4.444748640060425
5,3.833384370803833,0.793261593580246,1.0034886658191682,1.0026171505451202,1.012084174156189,0.10966406539082527,0.598932539144183,0.5927715388858028,0.7011047331731485,0.7903905563397161,0.6886710322116658,0.7500114800018368,0.1420130869899923,0.989010989010989,0.8888888888888888,0.29571984435797666,0.65,0.7999999999999999,0.7999999999999999,0.7,0.0009958079820731672,4.768271446228027
6,3.711458516120911,0.6837934136390686,0.9974069237709046,1.0019885420799255,1.0093564510345459,0.09456599205732345,0.697705405589609,0.6063838821331949,0.7186636237746057,0.8061176143159596,0.6858384643245201,0.7487031700288185,0.18487627986348124,0.989010989010989,0.9565217391304347,0.524822695035461,0.85,0.9,0.9,0.85,0.0009939672868916176,5.990433692932129
7,3.552988386154175,0.5352804809808731,0.9945663332939148,0.9973276913166046,1.0093631863594055,0.082253547757864,0.717319612101138,0.6189354516093554,0.7330905398885844,0.8266215547119987,0.6843360171395003,0.7443337989456135,0.22045043564030906,0.989010989010989,0.967032967032967,0.5454545454545454,0.85,0.9,0.9,0.9,0.0009917949047063377,4.366827964782715
8,3.437914729118347,0.42783232033252716,0.9944087207317353,0.9944174468517304,1.0064841151237487,0.07386048212647438,0.7268766921419515,0.6311723089943929,0.7420062605729081,0.8352004848969078,0.7023047375160051,0.761733010776336,0.22545100278832264,1.0,0.967032967032967,0.553191489361702,0.7999999999999999,0.95,0.85,0.9,0.0009892923243595645,4.284913539886475
9,3.349485492706299,0.3467461496591568,0.9890137016773224,0.9923944592475891,1.0079291105270385,0.06701007410883904,0.7344697060141915,0.6362589561507196,0.74971888897347,0.8424259665093279,0.701003717472119,0.7484211940699601,0.25318494655147167,1.0,0.9565217391304347,0.5606060606060607,0.85,0.95,0.9,0.9,0.0009864612609948612,5.796971321105957
10,3.3161195516586304,0.3139856606721878,0.992819631099701,0.9912061750888824,1.0052034318447114,0.06452317759394646,0.7478442721188708,0.6413861486125761,0.7565372197783458,0.852244251047698,0.680263332010057,0.7537606137666479,0.27927639762590184,0.989010989010989,0.9462365591397849,0.6031746031746031,0.9,0.95,0.85,0.9,0.000983303654881643,4.315613031387329
11,3.2263850450515745,0.2483159452676773,0.9778487920761109,0.9858130514621735,1.0023651421070099,0.060210618376731875,0.7341795822733529,0.6452068832111657,0.7555234055050528,0.8579706325435295,0.6934158537011783,0.7739319965126417,0.2555090500873132,0.989010989010989,0.9462365591397849,0.5401459854014599,0.85,0.95,0.85,0.85,0.000979821670085414,4.271180152893066
12,3.2195834875106812,0.2522996410727501,0.9704833507537842,0.9847416520118714,1.0011077046394348,0.05475591830909252,0.7590229440178161,0.6574342794531303,0.7682947829333743,0.8608161181925166,0.6953948520399229,0.7845632628241324,0.288962884755949,0.989010989010989,0.967741935483871,0.6046511627906976,0.7999999999999999,0.95,0.85,0.9,0.0009760176929846248,6.252007961273193
13,3.168734073638916,0.22453065365552902,0.9562121510505677,0.978442233800888,0.9992048919200898,0.05172051526606083,0.7665764608285512,0.6582501854758537,0.7704166417082479,0.8642424500333348,0.6794993300434655,0.786445071987408,0.3028138898392063,0.989010989010989,0.9361702127659575,0.65,0.85,0.95,0.95,0.9,0.000971894330635167,4.580941677093506
14,3.1236849546432497,0.2311564102768898,0.9175517797470093,0.9673868119716644,0.9979017794132232,0.04844104424118996,0.7845766402056278,0.6781109766121923,0.7869929003722713,0.8674802558696352,0.7062873033098209,0.8074996675679269,0.3311766797013864,0.989010989010989,0.9782608695652174,0.6666666666666666,0.75,0.95,0.9,0.85,0.0009674544089836283,4.196964263916016
15,2.955032300949097,0.20991540402173997,0.8051023006439209,0.9354230701923371,0.9959219098091125,0.04334840774536133,0.7882967445010098,0.6857738827080977,0.7917201672562355,0.8710220078812969,0.727852812932043,0.8152083908363235,0.3290123191827274,0.989010989010989,0.9782608695652174,0.6666666666666667,0.75,0.95,0.9,0.9,0.00096270097093053,5.628676176071167
16,2.6384442806243897,0.19955158233642578,0.5910974085330963,0.8483262896537781,0.9914471805095673,0.04010872691869736,0.7705220512914862,0.6830207997883158,0.7864760841474978,0.8718967797276529,0.7514591439688716,0.8079291938500844,0.30079808160665444,1.0,0.9565217391304347,0.5954198473282443,0.75,0.95,0.85,0.9,0.0009576372742448739,4.588920831680298
17,2.326471519470215,0.18536999225616455,0.46356758177280427,0.6821380704641342,0.987890648841858,0.03752618506550789,0.7683278596712972,0.6898995374804611,0.78830634212394,0.8729348131247979,0.7837105139085337,0.8197852050736043,0.2831676178149085,1.0,0.9782608695652174,0.5714285714285715,0.7,0.95,0.85,0.85,0.0009522667893314313,4.336852550506592
18,2.0584914565086363,0.18423710465431214,0.38475791215896604,0.5033124029636383,0.9786750376224518,0.037545039877295495,0.7725796228967337,0.6988444831441993,0.7928817404102162,0.8768326353563963,0.8074344667014572,0.833619370100654,0.2774914604182897,0.989247311827957,0.9782608695652174,0.5801526717557252,0.65,0.95,0.85,0.85,0.0009465931968522998,5.867558240890503
19,1.982136607170105,0.19102810472249984,0.40626576393842695,0.4015424847602844,0.9759046077728272,0.036978236958384515,0.7667003640862012,0.7006381377443999,0.7918747092722892,0.8796961077305296,0.8201295067551363,0.83825531715104,0.26447161934089364,0.9782608695652174,0.9782608695652174,0.5611510791366906,0.7,0.95,0.85,0.85,0.0009406203852043626,4.600075006484985
20,1.972746157646179,0.20588624626398086,0.37286756336689,0.4165401592850685,0.970507675409317,0.03472256846725941,0.7611478257890324,0.7008542314086674,0.7898957308954725,0.8795204395494475,0.8307754442649434,0.8413306265571653,0.2517904152631132,0.9782608695652174,0.9782608695652174,0.5454545454545454,0.7999999999999999,0.95,0.85,0.9,0.0009343524478543746,4.238113641738892
21,1.8948847770690918,0.20500035285949708,0.36923159211874007,0.34432763159275054,0.9694952845573426,0.03414967134594917,0.7646151831251383,0.7048811885897706,0.7935927282661732,0.8740077865814605,0.836999959633472,0.8491331096196868,0.25938389852446286,0.9782608695652174,0.9782608695652174,0.553191489361702,0.9,0.95,0.85,0.95,0.0009277936805335048,5.469568490982056
22,1.961654007434845,0.1964733213186264,0.40777475833892823,0.38468054831027987,0.9662483036518097,0.03238529581576586,0.7772158727424705,0.7153651651887557,0.8055018816671757,0.8747437198050497,0.8407866818997878,0.8505171526185239,0.29541310643166135,0.9782608695652174,0.9782608695652174,0.5693430656934306,0.85,0.95,0.75,0.95,0.0009209485782932573,4.723861217498779
23,1.8548222541809083,0.17668951600790023,0.3265508279204369,0.37596070766448975,0.9686075985431671,0.03506778664886952,0.7979848178990673,0.7198349106224433,0.8086989379071808,0.8797302347100379,0.8445756157134134,0.855618477090841,0.29941531497548096,0.9782608695652174,0.9782608695652174,0.6551724137931035,0.85,0.95,0.75,0.95,0.0009138218324247873,4.200911045074463
24,1.8382946133613587,0.1799677312374115,0.3377779066562653,0.3515962839126587,0.9623555839061737,0.03298545703291893,0.7942744919662673,0.7184837768082781,0.8055598847556722,0.8825157817557538,0.8476650431793067,0.8595365082361826,0.2842177740618699,0.9782608695652174,0.9782608695652174,0.6440677966101694,0.85,0.95,0.7999999999999999,0.95,0.0009064183272437239,5.84390926361084
25,1.882271695137024,0.1851777344942093,0.3524603247642517,0.368735308945179,0.9697289228439331,0.030846913903951646,0.7823412938898319,0.7244776395787156,0.8114954588920623,0.8847134718859778,0.8513219409962921,0.86169758504531,0.30017756038728266,1.0,0.9782608695652174,0.557142857142857,0.7999999999999999,0.9,0.75,0.9,0.0008987431367427049,4.640832901000977
26,1.7568228006362916,0.1691988341510296,0.31062273383140565,0.32927294000983237,0.9418169140815735,0.029556894861161708,0.8100635496590042,0.7298114823307367,0.8174496755245819,0.8844430678806039,0.8528315793784038,0.8622669260331167,0.3197043560308225,1.0,0.9782608695652174,0.672566371681416,0.7999999999999999,0.9,0.75,0.95,0.0008908015211139154,4.331683397293091
27,1.7346075415611266,0.17314634919166566,0.318696092069149,0.3462691307067871,0.8903366386890411,0.03079676516354084,0.832980276920391,0.7420947565090755,0.8305260236175145,0.8845573115140708,0.8551101715586633,0.8641265953939622,0.36458494756960586,1.0,0.9782608695652174,0.76,0.7999999999999999,0.85,0.75,0.95,0.0008825989231440147,6.1004602909088135
28,1.7602053046226502,0.17175683826208116,0.34596995562314986,0.3269957020878792,0.9094811975955963,0.03000804390758276,0.837311462145703,0.7473685628584469,0.8358773219548744,0.8847189619666181,0.8597285067873304,0.8613190561925519,0.38370772648728707,1.0,0.9782608695652174,0.7676767676767676,0.7999999999999999,0.7999999999999999,0.7999999999999999,0.95,0.0008741409644839228,4.7495808601379395
29,1.7479045867919922,0.16415502056479453,0.3347689285874367,0.324599514901638,0.9189570486545563,0.027120276913046838,0.8388307477708402,0.7542269224543919,0.8421386340813166,0.884797497864207,0.8655568734917584,0.8624651316722614,0.4040881867893412,1.0,0.9782608695652174,0.7524752475247526,0.85,0.7999999999999999,0.7999999999999999,0.95,0.0008654334417960204,4.277145147323608
30,1.6717727899551391,0.16716584712266921,0.3032438889145851,0.3477594882249832,0.8479257524013519,0.028389019332826136,0.8446420671217775,0.7578404138427277,0.8455540403373474,0.8866770076195867,0.8664876033057851,0.8616211587860336,0.4165758856595059,1.0,0.9782608695652174,0.7755102040816327,0.7999999999999999,0.85,0.7999999999999999,0.95,0.0008564823227814079,5.8857598304748535
31,1.6934334874153136,0.17523043900728225,0.3032877594232559,0.34336619079113007,0.8659416913986206,0.02803713846951723,0.8457301663524152,0.7577332887307688,0.8445809038462281,0.8856822740661764,0.8727956056663776,0.8644003777148253,0.40805489747569645,1.0,0.9782608695652174,0.7872340425531914,0.85,0.85,0.75,0.95,0.0008472937420899389,4.474555969238281
32,1.6098007917404176,0.17105633094906808,0.3024601340293884,0.3355809114873409,0.7951050341129303,0.02799186483025551,0.8463577456516712,0.7611362441839696,0.8476986457254359,0.887793589439058,0.8716933972089148,0.8660464233160867,0.4190115667718191,1.0,0.9782608695652174,0.7755102040816327,0.85,0.9,0.7999999999999999,0.95,0.00083787399711584,4.342133283615112
33,1.634059739112854,0.16159605830907822,0.30169239789247515,0.3162649869918823,0.8490345656871796,0.027358687296509743,0.8490660368812238,0.7659899868887201,0.8519169196873292,0.8884587606528962,0.8736124391967738,0.8688462269530508,0.43304252075215993,1.0,0.9782608695652174,0.7755102040816327,0.85,0.9,0.75,0.95,0.0008282295436817896,6.041930198669434
34,1.6729360818862915,0.16707304045557975,0.33496431112289426,0.3192301675677299,0.8465707778930665,0.02548884376883507,0.851095074812674,0.7655206485531336,0.8514792507492388,0.8885875959843167,0.875663254648005,0.8664420932770318,0.4313896503031813,1.0,0.9782608695652174,0.7916666666666667,0.85,0.9,0.7,0.95,0.00081836699161442,4.581114053726196
35,1.5903769969940185,0.1566080220043659,0.3158612042665482,0.29839120209217074,0.8140829861164093,0.027167920023202896,0.8508137886967677,0.7638442545284498,0.8501831665401208,0.8884634880234678,0.8722201438250821,0.8666476299257567,0.4280457563394928,1.0,0.9782608695652174,0.7956989247311829,0.85,0.9,0.75,0.95,0.0008082931002142727,4.268002271652222
36,1.6883164048194885,0.16490652561187744,0.33119555115699767,0.310769134759903,0.8760181844234467,0.0271349648013711,0.8396291762688247,0.7537255149024795,0.8402701964092567,0.886708599896063,0.8729040497672311,0.8651658654990243,0.3901235444476001,1.0,0.9782608695652174,0.7608695652173912,0.85,0.85,0.75,0.95,0.0007980147736233115,5.72600531578064
37,1.5955900073051452,0.16545603126287461,0.3077874734997749,0.3160546883940697,0.8009460687637329,0.026728973537683488,0.8468658481985226,0.7617340747103672,0.8477733567970988,0.8871611577238582,0.874854190968172,0.8684460486322189,0.4164749015172199,1.0,0.9782608695652174,0.7789473684210526,0.85,0.85,0.75,0.95,0.0007875390560931677,4.564831018447876
38,1.6410740256309508,0.15754989981651307,0.29140613675117494,0.30075809806585313,0.885921710729599,0.02719085104763508,0.848399368386575,0.7664257150629188,0.8522410497090986,0.8874704183764303,0.874675705079923,0.8697886921758995,0.4337680446194226,1.0,0.9782608695652174,0.7708333333333333,0.85,0.85,0.75,0.95,0.000776873127157363,4.253963470458984
39,1.5918651938438415,0.16478787809610368,0.3133373036980629,0.3169311448931694,0.7917239844799042,0.025424317829310893,0.8508529218656462,0.769579366096593,0.8550596272412915,0.8879417819141225,0.8758781227917031,0.8704038004750594,0.44409375920548755,1.0,0.9782608695652174,0.7755102040816327,0.85,0.85,0.75,0.95,0.0007660242967108146,5.477375030517578
40,1.584924614429474,0.16323953568935395,0.28042892217636106,0.3324920952320099,0.8036884069442749,0.025378072075545786,0.8532831853365936,0.773639729621972,0.8585514068516,0.8893428385322429,0.876786676057505,0.871937058628371,0.4564923452697693,1.0,0.9782608695652174,0.7755102040816327,0.85,0.85,0.75,0.95,0.0007549999999999996,5.0333287715911865
41,1.6410584211349488,0.1667129412293434,0.2920989617705345,0.3453820362687111,0.831680291891098,0.025920761935412883,0.8525211628897835,0.774473150180902,0.8590626843169686,0.8891275371977457,0.877082041744162,0.8748045301615884,0.45687849162011174,1.0,0.9782608695652174,0.7676767676767676,0.85,0.85,0.75,0.95,0.0007438077925272078,4.280523300170898
42,1.6102833509445191,0.17588550597429276,0.28640317916870117,0.3306907430291176,0.8121306657791137,0.025866151414811613,0.8499364126214923,0.7681991210375714,0.852883763466193,0.8886791504877016,0.8794895244429665,0.8744449692961739,0.4301828399234434,1.0,0.9782608695652174,0.7755102040816327,0.7999999999999999,0.85,0.75,0.95,0.0007324553448723775,5.956213474273682
43,1.5574498057365418,0.15630418732762336,0.2860605761408806,0.3078073114156723,0.8022666990756988,0.025055153854191305,0.8557952524508832,0.776378222466003,0.8604238058436834,0.8900332894746302,0.8800698864345439,0.8755056393661067,0.459904074588731,1.0,0.9782608695652174,0.7835051546391752,0.7999999999999999,0.85,0.7999999999999999,0.95,0.0007209504374360643,4.713486909866333
44,1.5402990937232972,0.16618885844945908,0.27786354571580885,0.30579721704125407,0.7853931963443757,0.025281196646392345,0.8535219496753562,0.774531286791359,0.8586243445692255,0.8896183117411259,0.8815866145009573,0.8750059589073748,0.4519142620159777,0.989010989010989,0.9782608695652174,0.7835051546391752,0.85,0.85,0.7999999999999999,0.95,0.0007093009551071418,4.125525951385498
45,1.5204910278320312,0.16820654943585395,0.30258308053016664,0.3153898999094963,0.7292778968811036,0.025167991407215595,0.8551788679126935,0.7752482385840708,0.8596242061427233,0.8898918343857,0.8807618571309495,0.8721180008592295,0.4582212619604039,0.989010989010989,0.9782608695652174,0.7916666666666667,0.85,0.85,0.85,0.95,0.0006975148818588936,4.992954730987549
46,1.53293274641037,0.15929123610258103,0.30207667499780655,0.3225876823067665,0.7443815350532532,0.02297794371843338,0.8561691845696061,0.7769069324425804,0.8610346231573011,0.8905327271603997,0.8798344273947402,0.8739690965968339,0.4632914786183476,0.989010989010989,0.9782608695652174,0.7916666666666667,0.85,0.85,0.7999999999999999,0.95,0.0006856002952771969,5.7497639656066895
47,1.5338681578636169,0.15718419402837752,0.287413215637207,0.3086920753121376,0.7760467171669007,0.02265962865203619,0.857970967200292,0.7802871071170252,0.8641813026647942,0.890539933519001,0.8805469235550031,0.8730294396961064,0.47703213169799,0.989010989010989,0.9782608695652174,0.7916666666666667,0.7999999999999999,0.7999999999999999,0.7999999999999999,0.95,0.0006735653610245474,4.60430121421814
48,1.5443083763122558,0.15779069811105728,0.2906049698591232,0.2911930978298187,0.8004767894744873,0.021214110031723975,0.8586829507163376,0.7817689338194104,0.8655478874230506,0.8902238486421912,0.8809612595815206,0.8727753387150073,0.4831152883389222,0.989010989010989,0.9782608695652174,0.7916666666666667,0.7999999999999999,0.7999999999999999,0.75,0.95,0.000661418327243724,6.292006492614746
49,1.5246135950088502,0.15845744758844377,0.28671498969197273,0.3020209640264511,0.773123824596405,0.021481670998036863,0.8579083591400145,0.7821814239526027,0.8657314259236295,0.8908427339084274,0.881634179793026,0.8737121967431041,0.48253658536585364,0.989010989010989,0.9782608695652174,0.7835051546391752,0.7999999999999999,0.7999999999999999,0.75,0.95,0.0006491675189049219,4.6939637660980225
50,1.5359370470046998,0.16184423193335534,0.26779242008924486,0.3217135533690453,0.7801793396472931,0.02203739657998085,0.8584260621081725,0.7832007616893396,0.8668238139138321,0.8905367817626241,0.8813959264778937,0.8722631181577954,0.4886072203590452,0.989010989010989,0.9782608695652174,0.7835051546391752,0.7999999999999999,0.7999999999999999,0.7,0.95,0.0006368213321002349,4.741791009902954
51,1.5117611646652223,0.14894865304231644,0.29291153997182845,0.2983869597315788,0.7671034097671509,0.02205320242792368,0.8588230518918603,0.7839600847087321,0.8674095541658114,0.890662104906058,0.8823626668871161,0.8723434467742699,0.49047212026748455,0.989010989010989,0.9782608695652174,0.7835051546391752,0.7999999999999999,0.7999999999999999,0.7,0.95,0.0006243882282893934,6.469496488571167
52,1.5462100386619568,0.15173050612211228,0.2930282860994339,0.30011649131774903,0.7969695806503296,0.021825815178453924,0.8610139526966347,0.7860710581953955,0.8691183415667555,0.8910304384452133,0.8825652300161779,0.8740086858006042,0.4966798785195861,0.989010989010989,0.9782608695652174,0.7916666666666667,0.7999999999999999,0.7999999999999999,0.7,0.95,0.0006118767285007016,4.5592780113220215
53,1.5439417362213135,0.15587220340967178,0.3116760849952698,0.31671679615974424,0.7555265963077545,0.020750360563397408,0.8583449901978972,0.7850650168292315,0.8681509905510614,0.8909536546715325,0.8826168224299066,0.8748465678406194,0.49184302237486743,0.989010989010989,0.9782608695652174,0.7755102040816327,0.7999999999999999,0.7999999999999999,0.7,0.95,0.000599295407491152,4.343583822250366
54,1.4493680953979493,0.15082332864403725,0.27012710049748423,0.2868505999445915,0.7373847305774689,0.020911532826721667,0.8605212089357889,0.7867614583363238,0.8696428365767417,0.8920765175609032,0.8824019669125307,0.8742264115014757,0.4983409373703857,0.989010989010989,0.9782608695652174,0.7835051546391752,0.7999999999999999,0.7999999999999999,0.75,0.95,0.0005866528878697128,5.6261982917785645
55,1.4699958443641663,0.1533126041293144,0.2790697731077671,0.3013623610138893,0.7320068836212158,0.021221073158085347,0.8591916173365596,0.7861577110091045,0.8690993926647641,0.8922217438027593,0.8813848845929506,0.8751653751653752,0.4958588404753331,0.989010989010989,0.9782608695652174,0.7755102040816327,0.7999999999999999,0.7999999999999999,0.7,0.95,0.0005739578341878249,4.535229921340942
56,1.4344148516654969,0.14875796735286712,0.2885113596916199,0.29033410027623174,0.7024977147579193,0.02156866192817688,0.8616315519047114,0.7885542699288546,0.8710658068711645,0.8931056705696638,0.8829124439275627,0.8747623574144486,0.5034366078037432,0.989010989010989,0.9782608695652174,0.7835051546391752,0.7999999999999999,0.7999999999999999,0.75,0.95,0.0005612189470011499,4.401301860809326
57,1.4684023976325988,0.1544860325753689,0.27479958459734916,0.2961851179599762,0.7385665893554687,0.0218253867700696,0.8660218212986385,0.7904279667051644,0.8728012278760123,0.8919835904380805,0.8833215811522668,0.8743880994249322,0.512018595805378,0.989010989010989,0.9782608695652174,0.8125,0.7999999999999999,0.7999999999999999,0.75,0.95,0.0005484449569066437,5.9318742752075195
58,1.5127560019493103,0.15818888768553735,0.29937188774347306,0.2976863354444504,0.7534390926361084,0.020348873175680637,0.8672952666343946,0.7911541223523296,0.8735722381396638,0.8912695874640231,0.882787225217752,0.8738506979181554,0.5167089788093882,0.989010989010989,0.9782608695652174,0.8210526315789473,0.85,0.7999999999999999,0.75,0.95,0.000535644618559042,4.4437079429626465
59,1.5058592438697815,0.15433053746819497,0.3118173763155937,0.2907775051891804,0.7448262661695481,0.020537837781012057,0.8684548195859054,0.7911393910078846,0.8735284254091047,0.8912091748056462,0.8826332288401254,0.8744827586206897,0.5162324017650767,1.0,0.9782608695652174,0.8210526315789473,0.85,0.85,0.75,0.95,0.0005228267046708575,4.199178695678711
60,1.451464831829071,0.1512503445148468,0.26988112926483154,0.30356730073690413,0.7225005805492402,0.021327405236661434,0.8675100720961219,0.7915825455553201,0.8738970553104326,0.891324832190348,0.8822991182831476,0.8749226301004618,0.5177836016473231,0.989010989010989,0.9782608695652174,0.8210526315789473,0.85,0.85,0.75,0.95,0.0005099999999999998,5.660272121429443
61,1.463439702987671,0.15197432562708854,0.2907147347927094,0.28776662051677704,0.7287569522857666,0.021135247498750686,0.866720546243493,0.7919931665762797,0.874202576619594,0.8916113987959221,0.8821182143154045,0.8754893535758618,0.5187536996179304,0.989010989010989,0.9782608695652174,0.8125,0.7999999999999999,0.85,0.75,0.95,0.000497173295329142,4.5451953411102295
62,1.4870579957962036,0.16015980616211892,0.2984383344650269,0.2964796394109726,0.7278358787298203,0.020721585117280485,0.8655842854740987,0.7897496793441496,0.8721011963652696,0.8916150072087188,0.8831498026179099,0.8763048763048763,0.5079290312450935,0.989010989010989,0.9782608695652174,0.8125,0.85,0.85,0.75,0.95,0.00048435538144095733,4.343823432922363
63,1.4271675586700439,0.14900338500738144,0.2677967369556427,0.28108007535338403,0.7252523243427277,0.020175160281360148,0.866201714017239,0.7907458960721863,0.8729154023166815,0.892220006320768,0.8834409498021245,0.8761637849135474,0.5111588432523051,0.989010989010989,0.9782608695652174,0.8125,0.85,0.85,0.75,0.95,0.0004715550430933558,5.835579872131348
64,1.4682746291160584,0.15291950330138207,0.28675044029951097,0.3006635792553425,0.7238288044929504,0.02056152541190386,0.866057298084559,0.7904533227384822,0.8725885571230341,0.8922832471762279,0.883451438099208,0.8769971860542758,0.5090814196242172,0.989010989010989,0.9782608695652174,0.8125,0.7999999999999999,0.85,0.75,0.95,0.0004587810529988496,4.447716951370239
65,1.4877562284469605,0.148547725379467,0.29483168870210646,0.3079357445240021,0.7324102431535721,0.020154091715812682,0.8688143762932059,0.7917854242962321,0.8737669558304977,0.89218906850981,0.8839203930385544,0.876452657649076,0.5145795779874881,0.989010989010989,0.9782608695652174,0.8297872340425531,0.7999999999999999,0.85,0.75,0.95,0.0004460421658121746,4.459671258926392
66,1.492708194255829,0.1515791416168213,0.29071274548769,0.29983329996466634,0.7464462786912918,0.020683618448674678,0.8709073251432442,0.7920399340666838,0.8741441900425183,0.8919596634060174,0.88261231281198,0.8759520182787509,0.5176357417699872,0.989010989010989,0.967032967032967,0.8571428571428571,0.7999999999999999,0.85,0.75,0.95,0.00043334711213028666,5.706987142562866
67,1.3872618138790132,0.14075476229190825,0.27069849520921707,0.28467247560620307,0.6870099902153015,0.020630636624991892,0.871115336554681,0.7922498909003598,0.8742653545132222,0.8924736987967852,0.882835945315105,0.8760098849919209,0.5176800344976283,0.989010989010989,0.967032967032967,0.8571428571428571,0.7999999999999999,0.85,0.75,0.95,0.00042070459250884764,4.3599512577056885
68,1.4077154040336608,0.14716505035758018,0.25955733358860017,0.27922849655151366,0.7175732374191284,0.02095650602132082,0.871208111131655,0.7923791711036121,0.8744071572923731,0.8926101777891369,0.8827284105131414,0.8755821689953427,0.5185959271168274,0.989010989010989,0.967032967032967,0.8571428571428571,0.7999999999999999,0.85,0.75,0.95,0.0004081232714992977,4.310696125030518
69,1.3705484867095947,0.14143468886613847,0.2576477721333504,0.28226725980639455,0.6850779950618744,0.02060385625809431,0.8701822715656639,0.7926168191250849,0.8745217271267053,0.8924540940398701,0.883695742730984,0.8759866856871137,0.5183307540423715,0.989010989010989,0.967032967032967,0.8478260869565216,0.85,0.85,0.75,0.95,0.0003956117717106062,6.263650894165039
70,1.4407943606376648,0.14358520284295082,0.27306140810251234,0.2807355672121048,0.7392885535955429,0.020618167333304883,0.8728225706909678,0.7928523917505651,0.8747093322033713,0.8932559564574848,0.8831970632404472,0.8758870314806877,0.5190695158236408,0.989010989010989,0.9782608695652174,0.8571428571428571,0.7999999999999999,0.85,0.75,0.95,0.0003831786678997647,4.726134777069092
71,1.3600076735019684,0.13905999734997748,0.26274605095386505,0.2801226004958153,0.6740431040525436,0.020179773308336736,0.8720562038480214,0.7938576130980867,0.8756186340969926,0.8933495290856729,0.8830816718111287,0.8753568030447193,0.5236424484508259,0.989010989010989,0.967032967032967,0.8571428571428571,0.7999999999999999,0.85,0.75,0.95,0.0003708324810950777,4.499755382537842
72,1.4414299130439758,0.15099308937788009,0.26572534441947937,0.29781065210700036,0.7228032231330872,0.020488040521740913,0.8723747455182856,0.7946119891782573,0.8763282232982462,0.8931894574359123,0.8825665360016505,0.8752020538176286,0.5274899094578379,0.989010989010989,0.967032967032967,0.8571428571428571,0.7999999999999999,0.7999999999999999,0.75,0.95,0.0003585816727562756,5.791798114776611
73,1.3763191103935242,0.14320531487464905,0.26249811351299285,0.2810038149356842,0.685653007030487,0.019794237241148947,0.8716536782223172,0.7950700775291154,0.8766955196218992,0.8938605544048556,0.8823456637387109,0.8750770982587655,0.5289969937141296,0.989010989010989,0.967032967032967,0.8478260869565216,0.7999999999999999,0.7999999999999999,0.75,0.95,0.0003464346389754521,4.310883522033691
74,1.4677039861679078,0.1500699296593666,0.2943441644310951,0.28611699417233466,0.7331063985824585,0.020332627929747105,0.8742955003719445,0.7959885967462857,0.8774923799119468,0.8940780283916796,0.8827925026835108,0.8742126450390717,0.5328712108708807,0.989010989010989,0.967032967032967,0.8666666666666666,0.7999999999999999,0.7999999999999999,0.75,0.95,0.0003343997047228027,4.279766082763672
75,1.4318514108657836,0.14183156341314315,0.2696596711874008,0.3037100285291672,0.7127587467432022,0.01945710238069296,0.8734207297399997,0.7965392131969982,0.8779422765488114,0.8939139661538128,0.8831566743954952,0.8742716376900848,0.5348145745485998,0.989010989010989,0.967032967032967,0.8571428571428571,0.7999999999999999,0.7999999999999999,0.75,0.95,0.00032248511814110585,6.269235134124756
76,1.5069822788238525,0.14943660497665406,0.326140421628952,0.29147685170173643,0.7360126912593842,0.019578628428280353,0.8735540314382734,0.7967381513417875,0.8780749625503951,0.894115055910399,0.883674653842965,0.874051593323217,0.5351113022905689,0.989010989010989,0.967032967032967,0.8571428571428571,0.7999999999999999,0.7999999999999999,0.75,0.95,0.00031069904489285777,4.48383092880249
77,1.4298174321651458,0.14663081616163254,0.2743952855467796,0.2999605484306812,0.7049312472343445,0.01949774045497179,0.8739107250477535,0.7974980357698019,0.8786746141995261,0.8941550750386388,0.8835838246284149,0.8747389405733814,0.537514302838773,0.989010989010989,0.967032967032967,0.8571428571428571,0.7999999999999999,0.7999999999999999,0.75,0.95,0.00029904956256393534,4.3778159618377686
78,1.4268961548805237,0.14430798441171647,0.2983434244990349,0.278236361593008,0.7019719958305359,0.020181945338845254,0.8731572217921806,0.7982716006272712,0.8793662920763332,0.8939691981188258,0.8832207533877585,0.8747388414055081,0.5411576095969927,0.989010989010989,0.967032967032967,0.8478260869565216,0.7999999999999999,0.7999999999999999,0.75,0.95,0.00028754465512762195,5.851461887359619
79,1.4496255278587342,0.14458852857351304,0.2852014660835266,0.2983566582202911,0.717490416765213,0.019942245818674563,0.8745332226125275,0.7989384802955062,0.8799890597208433,0.8939785993973186,0.882474567860392,0.8745659515768444,0.5447348023474698,0.989010989010989,0.967032967032967,0.8571428571428571,0.7999999999999999,0.7999999999999999,0.75,0.95,0.0002761922074727917,4.436600685119629
80,1.4761576652526855,0.1475627638399601,0.30981145799160004,0.2952360577881336,0.7195950210094452,0.01976183522492647,0.8739120019989489,0.799828567203089,0.8806710436422438,0.8941508602950202,0.8833119543178715,0.8744714211051456,0.5473800330943188,0.989010989010989,0.967032967032967,0.8478260869565216,0.7999999999999999,0.7999999999999999,0.75,0.95,0.00026499999999999994,4.32251238822937
81,1.4661271452903748,0.14735713675618173,0.27500812634825705,0.31386755481362344,0.7260103255510331,0.01941996067762375,0.8730161409433113,0.8001310567164024,0.8808868783943579,0.8942178945354935,0.8836160529582127,0.8746438746438746,0.5480464047280289,0.989010989010989,0.967032967032967,0.8387096774193549,0.7999999999999999,0.7999999999999999,0.75,0.95,0.00025397570328918495,6.3636298179626465
82,1.3862723052501678,0.1416799731552601,0.26675802618265154,0.279548379778862,0.6944821268320084,0.019019063375890256,0.8737382102196061,0.7995138761186444,0.8804212031686145,0.894010497512797,0.8829641896087767,0.8747744325197074,0.546306384833297,0.989010989010989,0.967032967032967,0.8478260869565216,0.7999999999999999,0.7999999999999999,0.75,0.95,0.00024312687284263677,4.372053623199463
83,1.4497759997844697,0.14836463034152986,0.28090041130781174,0.3083342283964157,0.7082701921463013,0.0195326978340745,0.8743240732554347,0.8007802037798923,0.8814702423045312,0.894046384956855,0.8831131176738599,0.8746877798199727,0.5512735326688815,0.989010989010989,0.967032967032967,0.8478260869565216,0.7999999999999999,0.7999999999999999,0.7,0.95,0.0002324609439068317,4.290841341018677
84,1.389968204498291,0.15028999596834183,0.2647061988711357,0.2825367622077465,0.6885153472423553,0.019599433243274688,0.8745967320087906,0.8014876369383982,0.8821082006865335,0.8938148866940342,0.8824488771797767,0.8748161851904559,0.5548705986893258,0.989010989010989,0.967032967032967,0.8478260869565216,0.7999999999999999,0.85,0.75,0.95,0.0002219852263766881,6.088460922241211
85,1.415861839056015,0.14341577813029288,0.2616365127265453,0.30375743210315703,0.7030938595533371,0.01979141030460596,0.8742103650371109,0.8028190119804491,0.8832358857287853,0.8940027742858382,0.8817062081507812,0.8748990354919941,0.5606680299931833,0.989010989010989,0.967032967032967,0.8387096774193549,0.7999999999999999,0.7999999999999999,0.75,0.95,0.00021170689978572678,4.543542385101318
86,1.364022135734558,0.14429141879081725,0.26425608322024347,0.28114820271730423,0.670381698012352,0.01972362082451582,0.8755929039411833,0.8035432322872267,0.8837855528480603,0.8941153081510934,0.8823164682539683,0.8748644954517604,0.5628766572920851,0.989010989010989,0.967032967032967,0.8478260869565216,0.7999999999999999,0.7999999999999999,0.7,0.95,0.00020163300838557964,4.348564147949219
87,1.3795861601829529,0.1418199934065342,0.2749171994626522,0.28017082810401917,0.6788113743066788,0.01933373436331749,0.8760310272134283,0.8046249576354195,0.8846546225184235,0.8939118360675892,0.8830244870946393,0.8745873030846146,0.5669762042948346,0.989010989010989,0.967032967032967,0.8478260869565216,0.7999999999999999,0.7999999999999999,0.7,0.95,0.00019177045631820999,5.892424583435059
88,1.4074906349182128,0.14231709092855455,0.28302626609802245,0.29353552088141444,0.6847601056098938,0.01925819255411625,0.876163106964795,0.8049158723574917,0.8848807497423622,0.8939190631024243,0.8830496542013501,0.8747284918311455,0.5679662802950474,0.989010989010989,0.967032967032967,0.8478260869565216,0.7999999999999999,0.7999999999999999,0.7,0.95,0.00018212600288415956,4.563429832458496
89,1.3955543398857118,0.14774006009101867,0.26103469282388686,0.28750885277986526,0.6953325986862182,0.019690831936895848,0.8761689937200619,0.804968768104311,0.884955580555457,0.8938408534667568,0.8828444959252059,0.8744981342402343,0.5686915887850468,0.989010989010989,0.967032967032967,0.8478260869565216,0.7999999999999999,0.7999999999999999,0.7,0.95,0.0001727062579100604,4.404285669326782
90,1.4437974572181702,0.1448983795940876,0.29846092835068705,0.30606669485569,0.6904697597026825,0.019508459698408843,0.8763392117541714,0.8053582676574547,0.8852566760644673,0.8938249121019293,0.8830593399312601,0.8745458834630809,0.5700029351335486,0.989010989010989,0.967032967032967,0.8478260869565216,0.7999999999999999,0.7999999999999999,0.7,0.95,0.00016351767721859166,5.932455539703369
91,1.4229405701160431,0.14571171402931213,0.2639561161398888,0.2971010357141495,0.7122883796691895,0.019416634738445283,0.87733281805341,0.8053672173713573,0.8853655007120734,0.8936443691847765,0.8825574177529485,0.8735626767200754,0.5717044058276286,0.989010989010989,0.967032967032967,0.8571428571428571,0.7999999999999999,0.7999999999999999,0.7,0.95,0.000154566558203979,4.592536449432373
92,1.3683719992637635,0.14644645825028418,0.2535159796476364,0.27783320397138594,0.6866582095623016,0.01959080882370472,0.8764237268893024,0.8055772592256107,0.8855010844891303,0.8937716637781629,0.8826501035196688,0.8739087348402623,0.571978534764349,0.989010989010989,0.967032967032967,0.8478260869565216,0.7999999999999999,0.7999999999999999,0.7,0.95,0.00014585903551607682,4.192651033401489
93,1.3727407336235047,0.144267725199461,0.2800267279148102,0.27257849276065826,0.6719624280929566,0.019526893645524977,0.8768111730904856,0.8063742197595649,0.8861327321285302,0.8939178814646218,0.8826889643182383,0.8739194104586896,0.5749706227967097,0.989010989010989,0.967032967032967,0.8478260869565216,0.7999999999999999,0.7999999999999999,0.7,0.95,0.0001374010768559848,6.050930023193359
94,1.3629666686058044,0.14037587493658066,0.2600059896707535,0.28549031764268873,0.6731980681419373,0.019481990486383438,0.8796149834340881,0.8073692973832083,0.8869351047410494,0.893867975680111,0.8828541882109617,0.8737669764117226,0.5789880492300374,0.989010989010989,0.967032967032967,0.8695652173913043,0.7999999999999999,0.7999999999999999,0.75,0.95,0.0001291984788860842,4.772926330566406
95,1.387750518321991,0.1443222790956497,0.2627584859728813,0.2955547712743282,0.6813587248325348,0.018781184032559396,0.8797004977363536,0.8083247740303793,0.8876651212118682,0.8937983318503729,0.8835534213685474,0.8737280514932084,0.5822192914093879,0.989010989010989,0.967032967032967,0.8666666666666666,0.7999999999999999,0.7999999999999999,0.7,0.95,0.00012125686325729467,4.633754253387451
96,1.3669072687625885,0.14624423235654832,0.2651392579078674,0.27773604691028597,0.6739633858203888,0.01912172306329012,0.8811957691395266,0.8086937483817875,0.8879505485839031,0.8938013388818528,0.8834927338218855,0.8739463964390567,0.5835345243843554,0.989010989010989,0.967032967032967,0.8791208791208791,0.7999999999999999,0.7999999999999999,0.7,0.95,0.00011358167275627576,6.013391494750977
97,1.3705717265605926,0.14099526926875114,0.27803070917725564,0.27612613067030906,0.6716229110956192,0.018983295187354088,0.8813610280885641,0.8090995737888538,0.8882475990559463,0.8937552009841166,0.883767120453511,0.8741775147928994,0.5846984589248878,0.989010989010989,0.967032967032967,0.8791208791208791,0.7999999999999999,0.7999999999999999,0.7,0.95,0.00010617816757521237,4.699732542037964
98,1.331457680463791,0.14121254086494445,0.25916296541690825,0.2750431075692177,0.6522333264350891,0.019028735160827637,0.881532701829519,0.8095365074161737,0.8885896291654325,0.8936906291276893,0.8838373391800769,0.8742721893491124,0.5863458720078163,0.989010989010989,0.967032967032967,0.8791208791208791,0.7999999999999999,0.7999999999999999,0.7,0.95,9.905142170674224e-05,4.574350357055664
99,1.3347090125083922,0.141477170586586,0.26145188584923745,0.2818256489932537,0.6461347162723541,0.019098087027668954,0.8816973747105568,0.8099225999032462,0.8888811011219846,0.8936909796651411,0.8842554248799073,0.8741119636260302,0.5876320314419061,0.989010989010989,0.967032967032967,0.8791208791208791,0.7999999999999999,0.7999999999999999,0.7,0.95,9.220631946649481e-05,5.962359428405762
100,1.3505194187164307,0.14316094145178795,0.27221219688653947,0.27466934770345686,0.6566989690065383,0.018889742717146874,0.8848843249391631,0.8100663358387218,0.8889876404076319,0.8936974652967656,0.8848449676670536,0.8736323592099654,0.5880905511811023,0.989010989010989,0.967032967032967,0.9090909090909092,0.7999999999999999,0.7999999999999999,0.7,0.95,8.564755214562501e-05,4.509899854660034
101,1.3954879999160767,0.1409500852227211,0.2720186077058315,0.29373913407325747,0.6850466191768646,0.018667690642178058,0.886013100363797,0.8101674716201387,0.889077141622984,0.8937989324487771,0.8848783722183085,0.8733235391687598,0.5886690426447093,0.989010989010989,0.967032967032967,0.9195402298850575,0.7999999999999999,0.7999999999999999,0.7,0.95,7.937961479563701e-05,4.378555536270142
102,1.352933895587921,0.1383663721382618,0.24623356014490128,0.27425740361213685,0.6902060568332672,0.019352402351796628,0.886133415171305,0.8104848309407529,0.8893305982516516,0.8937649862723934,0.884921622294103,0.8732754942397952,0.5899772209567198,0.989010989010989,0.967032967032967,0.9195402298850575,0.7999999999999999,0.7999999999999999,0.7,0.95,7.340680314769978e-05,6.266570329666138
103,1.3814317166805268,0.14462493658065795,0.25554208680987356,0.3129499241709709,0.6645328134298325,0.018909841496497392,0.8872940540256706,0.8105697875818769,0.889388732572389,0.8939642173635678,0.8848532647046615,0.8732997599661129,0.5901619082931653,0.989010989010989,0.967032967032967,0.9302325581395349,0.7999999999999999,0.7999999999999999,0.65,0.95,6.77332106685684e-05,4.463551044464111
104,1.3120718121528625,0.13652610257267953,0.2510188564658165,0.2715507596731186,0.6491349995136261,0.01920547317713499,0.8885495885782455,0.81090937154355,0.8896586073544736,0.8940977258223589,0.8849634672866158,0.8730173671577164,0.5915589259075087,0.989010989010989,0.967032967032967,0.9411764705882352,0.7999999999999999,0.7999999999999999,0.65,0.95,6.236272575512552e-05,4.533924102783203
105,1.3565819025039674,0.14377973601222038,0.25474377572536466,0.29339030012488365,0.6608438998460769,0.019120828807353975,0.8886740083436052,0.8112350243199746,0.8899221726976074,0.8940941369330422,0.8852812954120822,0.8725703991656395,0.5929942657691348,0.989010989010989,0.967032967032967,0.9411764705882352,0.7999999999999999,0.7999999999999999,0.7,0.95,5.729902906946951e-05,6.119488000869751
106,1.3548742294311524,0.14543928876519202,0.2755913406610489,0.28099167048931123,0.6490535378456116,0.018991831876337528,0.8886693708226334,0.811188032041882,0.8898841609755195,0.8941575120811505,0.8854508452049674,0.8723454683352294,0.5927983025461807,0.989010989010989,0.967032967032967,0.9411764705882352,0.7999999999999999,0.7999999999999999,0.7,0.95,5.254559101637116e-05,4.606991529464722
107,1.3893625617027283,0.14205732941627502,0.25909840017557145,0.2944990709424019,0.6899913549423218,0.018581782840192317,0.8887489015626272,0.8114431508511971,0.8900855062423412,0.8940677197627813,0.8856157553598138,0.8722631226694713,0.5938260056127221,0.989010989010989,0.967032967032967,0.9411764705882352,0.7999999999999999,0.7999999999999999,0.75,0.95,4.810566936483263e-05,4.3742687702178955
108,1.392558228969574,0.14343011602759362,0.2768203720450401,0.3095762774348259,0.659051138162613,0.018401809968054295,0.8873722368148683,0.8111517571411646,0.8898724531734392,0.8940527524017103,0.8851777999335327,0.8724291536347266,0.5929473225946887,0.989010989010989,0.967032967032967,0.9285714285714286,0.7999999999999999,0.7999999999999999,0.7,0.95,4.398230701537478e-05,6.084997892379761
109,1.36592755317688,0.14243749603629113,0.27158907502889634,0.2909317672252655,0.6571851909160614,0.018920072168111802,0.8873105280129358,0.8110081791601155,0.889747632603218,0.8940180734251026,0.8851348543406891,0.872722926129572,0.592156862745098,0.989010989010989,0.967032967032967,0.9285714285714286,0.7999999999999999,0.7999999999999999,0.75,0.95,4.0178329914585465e-05,4.732685804367065
110,1.3557060718536378,0.1441909961402416,0.2766285136342049,0.28360369950532915,0.6474760413169861,0.019034138694405556,0.8864614994313821,0.8111662592800726,0.8898740494556396,0.8940010951274083,0.8849303679068801,0.8729202524383247,0.5928133216476775,0.989010989010989,0.967032967032967,0.9195402298850575,0.7999999999999999,0.7999999999999999,0.75,0.9,3.669634511835653e-05,4.455586194992065
111,1.369420850276947,0.1436783067882061,0.27598349303007125,0.2803724393248558,0.6656370401382447,0.018747995048761366,0.8864807582479886,0.8112841108627495,0.8899561500597839,0.8938667014799262,0.8851382249012679,0.8730454741070148,0.5930860429627891,0.989010989010989,0.967032967032967,0.9195402298850575,0.7999999999999999,0.7999999999999999,0.75,0.9,3.353873900513849e-05,6.207417249679565
112,1.303976720571518,0.13669391646981238,0.2532370284199715,0.27539462596178055,0.6348713904619216,0.018898616172373296,0.8865025316714101,0.8113894004241466,0.8900284911372017,0.8937657487808858,0.8853310075587674,0.873147882611605,0.5933129627453285,0.989010989010989,0.967032967032967,0.9195402298850575,0.7999999999999999,0.7999999999999999,0.75,0.9,3.070767564043522e-05,4.4383769035339355
113,1.3178376972675323,0.14546820595860482,0.2638245835900307,0.27390585392713546,0.6308104962110519,0.019142889231443406,0.8886757262490441,0.8114642254013618,0.8900961281285288,0.893697632850767,0.8854365705740633,0.8729506237751542,0.5937720744054626,0.989010989010989,0.967032967032967,0.9411764705882352,0.7999999999999999,0.7999999999999999,0.75,0.9,2.8205095293662296e-05,4.460745573043823
114,1.3014986336231231,0.1365300238132477,0.25789024457335474,0.26952928155660627,0.6337186694145203,0.019152134843170642,0.888656579717971,0.811498136573844,0.8901368811216415,0.8935730522835297,0.8853024260551678,0.8729619890031078,0.5941550789535706,0.989010989010989,0.967032967032967,0.9411764705882352,0.7999999999999999,0.7999999999999999,0.75,0.9,2.603271310838255e-05,6.046294689178467
115,1.4120361089706421,0.14984335377812386,0.2635083258152008,0.29827883541584016,0.6965937107801438,0.019059431739151478,0.8896977208861231,0.8113844331528873,0.8900482080563896,0.8935106463974825,0.8853344412131283,0.8729794356767097,0.5937132093242289,0.989010989010989,0.967032967032967,0.9523809523809524,0.7999999999999999,0.7999999999999999,0.75,0.9,2.4192017926832915e-05,4.6366307735443115
116,1.3199727535247803,0.1352652683854103,0.2677715077996254,0.2703118108212948,0.6428485751152039,0.018877900764346124,0.8897091676582348,0.8114569950807753,0.8901081371320438,0.893442920122977,0.8854175321977565,0.8729133782943512,0.5940541497080163,0.989010989010989,0.967032967032967,0.9523809523809524,0.7999999999999999,0.7999999999999999,0.75,0.9,2.2684271269546036e-05,4.515867710113525
117,1.41042440533638,0.14620317295193672,0.25858925059437754,0.3099954344332218,0.6919487833976745,0.018438937049359082,0.8897093465645793,0.8115088483383445,0.8901657817894526,0.8933828327798483,0.8854556026248027,0.8726263930740901,0.594570564874637,0.989010989010989,0.967032967032967,0.9523809523809524,0.7999999999999999,0.7999999999999999,0.75,0.9,2.15105064707673e-05,6.309476852416992
118,1.3484143972396851,0.14210332334041595,0.2600894823670387,0.29933292120695115,0.6431704461574554,0.018591047450900077,0.889655724775569,0.811455203548542,0.8901325366544794,0.8932544155651162,0.8854603596494871,0.872591671845867,0.5945143671336974,0.989010989010989,0.967032967032967,0.9523809523809524,0.7999999999999999,0.7999999999999999,0.75,0.9,2.0671527970258823e-05,4.532070875167847
119,1.3835171222686768,0.1471275955438614,0.2642713189125061,0.30911253318190574,0.6591952204704284,0.01905230861157179,0.8896714920777479,0.8115029232757835,0.8901767286291073,0.8932518316146472,0.8854235880398671,0.8725091986429016,0.5948270748057187,0.989010989010989,0.967032967032967,0.9523809523809524,0.7999999999999999,0.7999999999999999,0.75,0.9,2.0167910761976946e-05,4.5618767738342285
120,1.3845824897289276,0.1415690965950489,0.25065538212656974,0.3100086972117424,0.6785897105932236,0.01879799086600542,0.8896644682772001,0.8115354671915247,0.8902355447976551,0.8932097915776205,0.8849715543374445,0.8724049672954782,0.5955555555555555,0.989010989010989,0.967032967032967,0.9523809523809524,0.7999999999999999,0.7999999999999999,0.7,0.9,2e-05,6.575942516326904
